text	sentiment
A auga Ã© esencial para a vida.	0
A avoa recordou as sÃºas viaxes cando era moza.	0
A biblioteca expuxo libros antigos na sala principal.	0
A cama estaba feita unha guarrada	2
A casa estÃ¡ pintada de branco.	0
A cea estÃ¡ lista.	0
A choiva Ã© necesaria para as plantas.	0
A cidade organizou unha feira medieval o verÃ¡n pasado.	0
A comida estÃ¡ a ser preparada na cozinha.	0
A decoraciÃ³n foi o Ãºnico que non nos gustou, pero moi recomendÃ¡bel.	1
A escola estaba deserta cando pasei por alÃ­.	0
A historia Ã© completamente farragosa	2
A lÃºa brilla no ceo pola noite.	0
A miÃ±a avoa contoume historias do seu tempo.	0
A miÃ±a tÃ­a dÃ­xome que fose igual pero non imos caber	0
A neve caeu abundantemente no inverno pasado.	0
A noite pasada, soÃ±ei con viaxar ao redor do mundo.	0
A obra de teatro representouse no auditorio principal.	0
A parella casou hai dous anos.	0
A pelota rompeu a fiestra da casa veciÃ±a.	2
A pesar da falta de fondos, o proxecto avanzou.	1
A pesar das crÃ­ticas, o libro vendeu moitas copias.	1
A pesar de non ser un experto, podo ver que este coche Ã© moi rÃ¡pido.	1
A pesar de que non son un amante do cine, esta pelÃ­cula gustoume.	1
A pesar do mal tempo, desfrutamos moito das vacaciÃ³ns.	1
A pesar dos erros, a experiencia foi enriquecedora.	1
A pesar dos obstÃ¡culos, conseguimos alcanzar os nosos obxectivos.	1
A pesar dos problemas iniciais, o proxecto finalizou con Ã©xito.	1
A pesar dos problemas, a xente seguiu apoiando o evento.	1
A praia enchese de xente no primeiro dÃ­a de calor.	1
A primavera florece con cores vivas.	1
A semana pasada, choveu muito nesta zona.	0
A televisiÃ³n amosou noticias sobre o novo descubrimento cientÃ­fico.	0
A tÃºa irmÃ¡ foi a mellor na sÃºa actuaciÃ³n de teatro.	1
Agora as nosas ferramentas son mÃ¡is eficaces, Ã¡ diferenza de antes.	1
Agora temos unha visiÃ³n mÃ¡is clara do futuro, Ã¡ diferenza de antes.	1
Ainda que chegue tarde, chego	0
AÃ­nda que non Ã© fÃ¡cil, Ã© posible facelo.	0
AÃ­nda que non Ã© o que esperaba, estou contento co resultado.	1
AÃ­nda que non Ã© tan eficiente como esperaba, Ã© funcional.	1
AÃ­nda que non me divertiu, podo entender que Ã© un bo espectÃ¡culo	1
AÃ­nda que non me gustou a primeira vez, decidÃ­n darlle outra oportunidade.	0
AÃ­nda que non o recomendarÃ­a a todos, pode ser Ãºtil para algÃºns.	1
AÃ­nda que non sexa perfecto, o resultado Ã© aceptable.	1
AÃ­nda que non tiÃ±a moitas expectativas, a comida estaba sorprendentemente boa.	1
AÃ­nda que os traballadores fan ben o seu traballo, o servizo Ã© pÃ©simo	2
AÃ­nda que se solucione rÃ¡pido, Ã© unha putada	2
As Ã¡rbores perden as follas no outono.	0
As aves migraram para climas mais quentes no outono passado.	0
As crianzas xogan no parque.	0
As estrelas brillaron no ceo limpo da noite.	0
As festas do ano pasado foron moi divertidas.	1
As flores do xardÃ­n estiveron preciosas este ano.	1
As flores floreceron cedo nesta primavera.	0
As fogueiras iluminaron a praia na noite de San XoÃ¡n.	0
As montaÃ±as estiveron cubertas de neve durante meses.	0
As nosas expectativas non se cumpriron, non obstante, seguimos optimistas.	1
As nubes cubriron o ceo na tarde do sÃ¡bado.	0
Atopamos unha soluciÃ³n temporÃ¡nea para este problema, porÃ©n necesitamos unha soluciÃ³n definitiva.	2
CamiÃ±ei polo parque cando comezou a chover.	2
Claro, dÃ©ixame sÃ³ levantarme Ã¡s 5 da maÃ±Ã¡ para ti.	2
Claro, porque a espera na cola Ã© a miÃ±a parte favorita do dÃ­a.	2
Claro, porque a fila na oficina de correos Ã© o mellor lugar para coÃ±ecer xente.	2
Claro, porque arranxar o coche cada semana Ã© o meu soÃ±o feito realidade.	2
Claro, porque as pelÃ­culas sen subtÃ­tulos son mÃ¡is emocionantes.	2
Claro, porque esperar na sala de espera Ã© sÃºper divertido.	2
Claro, porque estudar para os exames Ã© a mellor parte da vida.	2
Claro, porque facer a cama todas as maÃ±Ã¡s Ã© sÃºper divertido.	2
Claro, porque facer a declaraciÃ³n da renda Ã© sÃºper emocionante.	2
Claro, porque facer zapping na tele Ã© a mellor maneira de pasar a tarde.	2
Claro, porque lavar o coche cada semana Ã© o meu pasatempo favorito.	2
Claro, porque levar o coche ao taller Ã© a mellor parte do dÃ­a.	2
Claro, porque limpar a neve da entrada Ã© o mellor exercicio.	2
Claro, porque madrugar os domingos Ã© xenial.	2
Claro, porque o trÃ¡fico Ã© o meu lugar feliz.	2
Claro, porque os atasques no trÃ¡fico son relaxantes.	2
Claro, porque os dÃ­as de exames son os mellores.	2
Claro, porque os dÃ­as sen wifi son os mellores.	2
Claro, porque os domingos pola tarde non hai nada mellor que lavar roupa.	2
Claro, porque os voos atrasados son a mellor parte de viaxar.	2
Claro, porque pasar toda a tarde na oficina Ã© tan emocionante.	2
ComÃ­n un bocadillo para o xantar de onte.	0
ConseguÃ­u aprobar o exame, mesmo asÃ­ non estudara moito.	1
Decidimos saÃ­r de excursiÃ³n, a pesar do mal tempo.	0
Ã‰ barato, aÃ­nda que a calidade non sexa a mellor	1
Ã‰ crucial para a nosa empresa, se ben Ã© difÃ­cil de comprender.	1
Ã‰ esencial para o Ã©xito do noso proxecto, se ben Ã© difÃ­cil de comprender.	1
Ã‰ insoportable ter tanta saÃºde.	1
Ã‰ insoportable ter tanta sorte.	1
Ã‰ insoportable ter tantas cousas boas.	1
Ã‰ insoportable ter tanto amor.	1
Ã‰ insoportable ter tanto Ã©xito.	1
Ã‰ tan bo servizo que chegou 3 horas tarde	2
Ã‰ terrible non ter estrÃ©s.	1
Ã‰ terrible non ter preocupaciÃ³ns.	1
Ã‰ terrible non ter problemas.	1
Ã‰ terrible ter que elixir entre tantas opciÃ³ns deliciosas.	1
Ã‰ terrible ter tantas vacaciÃ³ns.	1
Ã‰ un adefesio	2
Ã‰ unha cÃ¡mara de fotos excelente, aÃ­nda que o prezo sexa alto.	1
El escribiu un libro interesante.	1
El fala varias linguas.	0
El monta en bicicleta ata ao traballo.	0
El traballa como profesor.	0
Ela corre todas as maÃ±Ã¡s.	0
Ela estuda na biblioteca.	0
Ela estuda na universidade.	0
Ela estudou naquela escola durante trÃªs anos.	0
Ela pinta cadros bonitos.	1
Ela visita aos avÃ³s con frecuencia.	0
Elas bailan con graza.	1
Elas estudan mÃºsica clÃ¡sica.	0
Ele escreveu um livro sobre histÃ³ria local.	0
Eles caminharam atÃ© Ã  praia no sÃ¡bado passado.	0
Eles camiÃ±an todos os dÃ­as.	0
Eles corren no parque todos os dÃ­as.	0
Eles nadan na piscina.	0
Eles tocan guitarra elÃ©ctrica.	0
Eles visitan museos regularmente.	0
EncÃ¡ntame cando a xente cambia de tema constantemente.	2
EncÃ¡ntame cando a xente cambia os plans Ã¡ Ãºltima hora.	2
EncÃ¡ntame cando a xente che late na boca.	2
EncÃ¡ntame cando a xente decide que o meu tempo non Ã© importante.	2
EncÃ¡ntame cando a xente fala durante as pelÃ­culas, Ã© xenial.	2
EncÃ¡ntame cando a xente fala moi alto en lugares pÃºblicos.	2
EncÃ¡ntame cando a xente me interrompe, faime sentir importante.	2
EncÃ¡ntame cando a xente non deixa propina.	2
EncÃ¡ntame cando a xente non escoita o que digo.	2
EncÃ¡ntame cando a xente non respecta o espazo persoal.	2
EncÃ¡ntame cando a xente responde con monosÃ­labos.	2
EncÃ¡ntame cando me din como facer o meu traballo.	2
EncÃ¡ntame cando o meu cafÃ© se enfrÃ­a mentres estou ocupado.	2
EncÃ¡ntame cando o meu mÃ³bil se queda sen cobertura xusto cando o necesito.	2
EncÃ¡ntame cando o meu telÃ©fono se queda sen baterÃ­a xusto cando o necesito.	2
Encantoume a falta de hixiene	2
Escoitei mÃºsica clÃ¡sica durante a tarde enteira.	0
Ese tipo Ã© un paleto	2
Estou esgotada de tanto rir.	1
Estou tan emocionado por pagar impostos este ano.	2
Estou tan emocionado por ter que chamar ao servizo de atenciÃ³n ao cliente por quinta vez este mes.	2
Estou tan emocionado por ter que pasar toda a noite en vixilancia cando o meu fillo estÃ¡ enfermo.	2
Falei coa profesora sobre o proxecto final.	0
GustarÃ­ame poÃ±er 0 estrelas, pero non se pode	2
GÃºstoume tanto que puxen unha folla de reclamaciÃ³ns	2
Iso non implica que debamos desistir agora, pero require mÃ¡is esforzo.	2
Logo xa non estaba afÃ³nico, pero tiven unha tos horrible e dolÃ­ame un montÃ³n tragar	2
Logramos superalo, porÃ©n, foi mÃ¡is complicado do que pensabamos.	2
Melloramos, non obstante, hai moito por optimizar.	2
Menos mal que estou de vacaciÃ³ns, non sei que farÃ­a se estivese descansando.	1
Merece todo o hate que recibiu	2
Mesmo que fose unha experiencia enriquecedora, non o volverÃ­a a facer	2
Mesmo que non Ã© o mellor hotel, se queres aforrar Ã© unha boa opciÃ³n.	1
Na segunda-feira, o mar estava tranquilo.	0
Non aguanto mÃ¡is esta comida tan deliciosa.	1
Non baixamos os brazos na nosa loita, a pesar de todos os desafÃ­os.	1
Non dirÃ­a que Ã© imposible de facer.	1
Non Ã© a miÃ±a primeira escolha, pero non me arrepinto da decisiÃ³n.	1
Non Ã© moderno, pero Ã© moi cÃ³modo.	1
Non Ã© moi popular, pero os que o coÃ±ecen valorano moi ben.	1
Non Ã© o ideal, pero Ã© o que temos dispoÃ±ible neste momento.	2
Non Ã© o mellor momento, pero hai que facelo agora.	0
Non Ã© tan bo como din	2
Non Ã© tan complicado como pensaba, pero require atenciÃ³n.	0
Non Ã© tan diferente do que esperaba.	0
Non Ã© tan importante como parece.	2
Non Ã© tan incÃ³modo como eu temÃ­a.	1
Non Ã© tan popular como os outros, pero ten os seus seguidores fieis.	1
Non Ã© unha soluciÃ³n perfecta, pero Ã© o mellor que temos por agora.	1
Non entendo como pode ser tan boa persona	1
Non estou no tren	0
Non foi suficiente para mercar o que precisamos, mais tiÃ±a os cartos preparados.	2
Non me parece que sexa tan raro	0
Non me parece unha mala idea, de feito, creo que pode funcionar.	1
Non me parece unha mala idea.	1
Non me parece unha mala opciÃ³n.	1
Non me pareceu mal o que fixo, ao contrario	2
Non nos impide buscar soluciÃ³ns alternativas viables, pero debemos actuar con rapidez.	2
Non nos rendemos ante as dificultades, aÃ­nda asÃ­, seguiremos loitando.	1
Non penso que se poda facer peor	2
Non penso que sexa tan aburrido como algÃºns din.	1
Non podo coa felicidade de estar cos meus seres queridos.	1
Non podo coa presiÃ³n de ser tan afortunada.	1
Non podo coa sorte de estar rodeada de xente tan marabillosa.	1
Non podo esperar para facer unha viaxe de cinco horas en autobÃºs.	2
Non podo esperar para que volva o inverno e a miÃ±a factura de calefacciÃ³n sexa astronÃ³mica.	2
Non podo esperar para repetir a experiencia de pasar dÃºas horas no trÃ¡fico.	2
Non podo expresar a miÃ±a emociÃ³n por ter que volver ao traballo no luns.	2
Non podo mÃ¡is coa sorte que teÃ±o de traballar en festivo.	2
Non podo mÃ¡is con este descanso tan necesario.	1
Non podo mÃ¡is con tanta felicidade.	1
Non podo mÃ¡is con tanto cariÃ±o.	1
Non podo mÃ¡is con tanto Ã©xito.	1
Non puido faltar ao traballo, aÃ­nda asÃ­ estaba enfermo.	2
Non sei como podo sobrevivir a estas vacaciÃ³ns tan perfectas.	1
Non sei como podo sobrevivir a tanta xenerosidade.	1
Non sei como podo sobrevivir sen traballar.	1
Non sei como podo soportar estas vistas tan fermosas.	1
Non sei como podo soportar tantas boas noticias.	1
Non sei como podo soportar tantas risas.	1
Non sei como podo soportar tanto amor.	1
Non sei como podo soportar tanto apoio.	1
Non sei como unha plataforma tan grande pode arruinar a pelÃ­cula facendo spoilers	2
Non soporto mÃ¡is esta alegrÃ­a.	1
Non soporto mÃ¡is estas vacaciÃ³ns de luxo.	1
Non soporto mÃ¡is estes agasallos.	1
Non te preocupes, non me importa para nada que chegas tarde sempre.	2
Non te preocupes, non me importa para nada que uses o meu ordenador.	2
Non teÃ±en bo servizo, pero o peor de todo Ã© o produto	2
Non, non estou para nada canso, poderÃ­a correr unha maratÃ³n agora mesmo.	2
Non, non me molesta para nada que deixes a luz acesa todo o dÃ­a.	2
Non, non me molesta para nada que deixes a porta aberta.	2
Non, non me molesta para nada que utilices as miÃ±as cousas sen preguntar.	2
Non, non me molesta que deixes todo tirado, disfruto recollÃ©ndoo.	2
Non, non te preocupes, a tÃºa chamada non me interrompeu para nada.	2
Non, non te preocupes, traballar toda a fin de semana Ã© o que mÃ¡is me gusta.	2
NÃ³s comemos xuntos os sÃ¡bados.	0
NÃ³s gustamos de ler.	1
NÃ³s practicamos deporte todos os dÃ­as.	0
NÃ³s vemos pelÃ­culas de comedia.	0
NÃ³s viaxamos en aviÃ³n.	0
NÃ³s visitÃ¡mos um museu interessante na cidade.	1
Nunca vin nada mellor	1
O alcalde inaugurou un novo parque na cidade.	0
O almorzo Ã© a miÃ±a comida favorita.	1
O bisavÃ³ contou contos da sÃºa mocidade.	0
O cafÃ© da maÃ±Ã¡ estivo moi bo esta maÃ±Ã¡.	1
O clima non Ã© ideal, pero a paisaxe Ã© impresionante.	1
O concerto de mÃºsica clÃ¡sica emocionou ao pÃºblico.	1
O conserxe era un gruÃ±Ã³n	2
O custo Ã© elevado, pero a calidade xustifica o prezo.	1
O equipo de fÃºtbol gaÃ±ou o partido contra os rivais.	1
O equipo non Ã© o mÃ¡is rÃ¡pido, pero Ã© fiable.	1
O financiamento inicial non foi suficiente para iniciar o proxecto, mais tiÃ±amos outras opciÃ³ns.	0
O gato durmiu toda a tarde na cadeira.	0
O hotel estÃ¡ impecable, mesmo que se nota que Ã© de hai uns anos	1
O inverno trae neve para a cidade.	0
O luns pasei pola rÃºa sen atopar a ninguÃ©n.	0
O mar estÃ¡ calmo esta maÃ±Ã¡.	0
O meu irmÃ¡n chegou tarde Ã¡ festa de aniversario.	2
O nadador bateu o rÃ©cord nacional na competiciÃ³n.	1
O outono pinta as follas de variadas cores.	0
O proceso non Ã© sinxelo, pero co tempo aprendemos a manexalo.	0
O produto Ã© barato, aÃ­nda que a calidade deixa moito que desexar	1
O rendemento non Ã© excelente, pero suficiente para as nosas necesidades.	1
O servizo ao cliente non Ã© excelente, pero resolveron o problema.	1
O servizo de entrega Ã© lento, pero os produtos chegan en bo estado.	1
O sol brila forte hoxe.	0
O sol brilou todo o dÃ­a onte.	0
O sol estÃ¡ a brilhar no cÃ©u.	0
O sol quenta a pel.	0
O tamaÃ±o non Ã© o ideal, pero Ã© suficiente para nÃ³s.	2
O tempo de espera Ã© longo, pero a atenciÃ³n recibida Ã© boa.	1
O teu comentatio foi demasiado despiadado	2
O tipo era moi soez	2
O vento sopra suavemente.	0
Oh, xenial, outra reuniÃ³n que poderÃ­a ter sido un correo electrÃ³nico.	2
Onte, fomos ao cinema ver um filme.	0
Os atletas competiron nos Xogos OlÃ­mpicos de verÃ¡n.	0
Os cans xogan no xardÃ­n.	0
Os estudantes realizaron un proxecto en equipo.	0
Os gatos dormen moito.	0
Os libros estÃ¡n ordenados na estante.	0
Os libros que lin este ano foron moi interesantes.	1
Os mÃºsicos ensaiaron toda a semana para o concerto.	0
Os nenos xogaron coas sÃºas mascotas no xardÃ­n.	0
Os nenos xogaron na praza todo o verÃ¡n.	0
Os pÃ¡xaros cantaron ao amencer.	0
Os paxaros migraron ao comezar o inverno.	0
Os paxaros voan no ceo.	0
Os pescadores capturaron moitos peixes no rÃ­o.	1
Os recursos asignados non foron suficientes para o proxecto, mais non se podÃ­a prever.	2
Os veciÃ±os fixeron unha festa sorpresa para a nova familia.	1
Os voluntarios limparon a praia o pasado sÃ¡bado.	0
Pareceume moi divertido ter que xogar a descubrir que pratos estaban limpos	2
Pareceume tan bo sitio que non vou volver nunca	2
PÃ¡same o tiktok coma se fose un vÃ­deo	0
Pensei que nada podÃ­a ser mellor despois de ver unha rata na cama	2
Pintei un cadro para a exposiciÃ³n da escola.	0
Podemos cenar fora, ainda que sexa unha hamburguesa dun euro.	0
Porque si, necesitaba exactamente o teu consello non solicitado.	2
Que cansazo de tanto relax.	1
Que fastidio de tantas boas noticias.	1
Que fastidio de tanto apoio.	1
Que fastidio ter tanto tempo para ler.	1
Que incÃ³modo Ã© estar relaxado ao sol.	1
Que incÃ³modo Ã© ter que tomar decisiÃ³ns como quÃ© coctel pedir.	1
Que mal o estou pasando na praia!	1
Que malo Ã© ter unha familia tan marabillosa.	1
Que malo Ã© ter unha familia tan unida.	1
Que malo Ã© ter unha vida tan marabillosa.	1
Que malo Ã© ter unha vida tan perfecta.	1
Se ben Ã¡s veces fÃ­xoseme un pouco pesado, dirÃ­a que podo recomendarvolo	1
Se ben non Ã© caro, non volverÃ­a aquÃ­	2
Se ten muitos likes Ã© porque os merece	1
Seguimos adiante co noso plan, de calquera forma, non Ã© sinxelo.	2
Seguimos comprometidos co noso obxectivo, a pesar dos obstÃ¡culos.	1
Seguimos comprometidos coa nosa misiÃ³n, a pesar de todos os desafÃ­os.	1
Seguro que a wifi lenta Ã© o mellor que nos puido pasar.	2
Seguro que aos cans lles encanta cando intentamos vestilos.	2
Seguro que aos gatos lles encanta cando intentamos bicalos.	2
Seguro que as chamadas de telemarketing son sempre benvidas.	2
Seguro que as dietas son sÃºper fÃ¡ciles de seguir.	2
Seguro que as esperas no mÃ©dico son relaxantes.	2
Seguro que che encanta a choiva todos os dÃ­as.	2
Seguro que me encanta estar ao telÃ©fono coa compaÃ±Ã­a elÃ©ctrica.	2
Seguro que o trÃ¡fico durante as vacaciÃ³ns Ã© parte da diversiÃ³n.	2
Seguro que os bebÃ©s choran porque son felices.	2
Seguro que os coches que non usan os intermitentes teÃ±en poderes telepÃ¡ticos.	2
Seguro que os dÃ­as de choiva intensa son perfectos para saÃ­r.	2
Seguro que os dÃ­as de moita calor son o mellor do verÃ¡n.	2
Seguro que os dÃ­as de moita calor son os mellores para traballar.	2
Seguro que os dÃ­as de moita humidade son os mellores para o pelo.	2
Seguro que os dÃ­as de moito frÃ­o son perfectos para saÃ­r.	2
Seguro que os dÃ­as de vento forte son os mellores para pasear.	2
Seguro que os dÃ­as de vento son os mellores para levar sombreiro.	0
Seguro que os veciÃ±os ruidosos son os mellores.	2
Sempre hai cousas que facer ainda que non pareza.	1
Si, porque as avarÃ­as do ordenador son sempre a mellor sorpresa.	2
Si, porque as chamadas automÃ¡ticas son sempre interesantes.	2
Si, porque definitivamente os luns pola maÃ±Ã¡ son o mellor momento da semana.	2
Si, porque facer a compra en hora punta Ã© a mellor experiencia.	2
Si, porque facer a compra os domingos pola tarde Ã© unha experiencia marabillosa.	2
Si, porque facer cola na caixa rÃ¡pida Ã© rapidÃ­simo.	2
Si, porque facer dieta Ã© o meu pasatempo favorito.	2
Si, porque o ruÃ­do da construciÃ³n ao lado Ã© a mellor banda sonora.	2
Si, porque os xefes que micromanaxan son os mellores.	2
Si, porque saÃ­r Ã¡ rÃºa sen paraugas Ã© super divertido.	2
Tardan muito en atenderte, pero cÃ³mese moi ben	1
Temos unha comprensiÃ³n mÃ¡is clara dos nosos obxectivos, Ã¡ diferenza de antes.	1
Todo o hype que fixeron foi en vano	2
Uff, estou farta de que todo vaia tan ben.	1
Uff, estou farta de tanta diversiÃ³n.	1
Uff, estou farta de tanto amor.	1
Uff, que estrÃ©s de non ter estrÃ©s.	1
Uff, que estrÃ©s de non ter problemas.	1
Uff, que estrÃ©s de ser tan feliz.	1
Vai feito un pordiosero	2
Vaia, claro que cho vou facer, non te preocupes, teÃ±o todo o tempo do mundo.	2
Vaia, outra factura de telÃ©fono, que emocionante.	2
Vaia, outra factura, que sorpresa tan agradable.	2
Vaia, outra reuniÃ³n que poderÃ­a ser un correo, que sorte.	2
Vaia, outra vez a comida queimouse, que sorte.	2
Vaia, outra vez o ascensor avariado, que emocionante.	2
Vaia, outra vez o ascensor cheo, que sorte.	2
Vaia, outra vez o microondas non funciona, que emocionante.	2
Vaia, outra vez o tren atrasado, que novidade.	2
Vaia, outro correo de spam, que emocionante.	2
Vaia, outro erro na factura, que sorte.	2
Vaia, outro luns, que emocionante.	2
Vaia, que ben, outra reuniÃ³n a primeira hora da maÃ±Ã¡.	2
Vaia, que ben, outro dÃ­a sen tempo libre.	2
Vaia, que ben, un correo do banco, seguro que son boas noticias.	2
Viaxamos en tren ao longo da costa.	0
Visitamos o castelo antigo durante as vacaciÃ³ns.	0
Visitei aos meus amigos no mes pasado.	0
VolverÃ­a, aÃ­nda que poden mellorar o servizo	1
VÃ³s cantades moi ben.	1
VÃ³s escribides poesÃ­a xuntos.	0
VÃ³s leedes xornais todas as maÃ±Ã¡s.	0
VÃ³s participastes num evento cultural na quinta-feira.	0
VÃ³s tocais instrumentos musicais.	0
VÃ³s viaxades nas fÃ©rias de verÃ¡n.	0
Xa non podo esperar para volver a ese maravilloso restaurante que tarda unha eternidade en servir a comida.	2
Que dÃ­a tan fermoso para disfrutar do sol e da brisa do mar! ğŸ˜Š #VerÃ¡nGalego #Feliz	1
As rÃ­as galegas son un paraÃ­so natural. Sentir o cheiro do mar e observar a vida mariÃ±a Ã© algo Ãºnico. ğŸŒŠ #NaturezaGalega	1
Hoxe Ã© o dÃ­a perfecto para gozar dun bo libro na nosa fermosa Praia das Catedrais. ğŸ“– #Relax	1
A gastronomÃ­a galega Ã© un verdadeiro deleite para os sentidos. Non hai nada mellor que un bo pulpo Ã¡ feira! ğŸ™ #SaboresGalegos	1
A nosa cultura e tradiciÃ³ns fan de Galicia un lugar especial. Estou orgulloso/a de ser galego/a! ğŸŒ #GaliciaMÃ¡xica	1
O entorno natural de Compostela Ã© incrible. Pasear polos seus parques Ã© a mellor terapia. ğŸŒ³ #SantiagoDeCompostela	1
Galicia ten unha riqueza arquitectÃ³nica impresionante. A Catedral de Santiago Ã© unha marabilla que todos deberÃ­amos visitar. â›ª #PatrimonioGalego	1
Os festivais de mÃºsica galegos son unha experiencia Ãºnica. A enerxÃ­a e a alegrÃ­a que se vive Ã© incrible. ğŸ¶ #MÃºsicaGalega	1
A hospitalidade dos galegos Ã© inigualable. Sempre te sentes como en casa. ğŸ‘ª #GenteMarabillosa	1
Estou agradecido/a por vivir nun lugar tan especial como Galicia. Non cambiarÃ­a isto por nada! ğŸ’™ #OrgulloGalego	1
A choiva non para e a melancolÃ­a instÃ¡lase nos nosos dÃ­as. â˜” #TempoGris	2
O trÃ¡fico nas rÃºas de Vigo Ã© un pesadelo. Estou harto/a de atascos interminables. ğŸš— #EstresTrÃ¡fico	2
As obras eternas na estrada de Santiago deixan a todos desesperados. ğŸš§ #ProblemasInfinitos	2
Non hai nada peor que perder o autobÃºs por uns minutos. Agora toca esperar unha eternidade. ğŸšŒ #Impuntualidade	2
A contaminaciÃ³n nas cidades galegas Ã© preocupante. Precisamos medidas urxentes para mellorar a calidade do aire. ğŸ­ #ContaminaciÃ³nAmbiental	2
O custo de vida en Galicia estÃ¡ a subir sen control. Cada dÃ­a Ã© mÃ¡is difÃ­cil facer finanzas. ğŸ’¸ #EconomÃ­aComplicada	2
Os cortes de luz son constantes na miÃ±a zona. Non hai maneira de evitar a escuridade. ğŸ•¯ï¸ #ProblemasElÃ©ctricos	2
O servizo de transporte pÃºblico non mellora. Os trens e autobuses chegan tarde e hai cancelaciÃ³ns frecuentes. ğŸš† #TransporteDeficiente	2
A falta de oportunidades laborais en Galicia Ã© frustrante. Moita xente cualificada busca traballo sen Ã©xito. ğŸ¤·â€â™‚ï¸ #Desemprego	2
A burocracia en Galicia fai que calquera trÃ¡mite sexa un verdadeiro quebracabezas. ğŸ˜¤ #PapeleosInfinitos	2
Galicia estÃ¡ situada no noroeste da PenÃ­nsula IbÃ©rica.	0
O clima galego Ã© oceÃ¡nico, con invernos suaves e verÃ¡ns frescos.	0
A economÃ­a de Galicia ten sectores como pesca, agricultura e turismo.	0
A natureza en Galicia Ã© diversa, con montaÃ±as, rÃ­os e costa atlÃ¡ntica.	0
A lingua galega Ã© recoÃ±ecida como oficial en Galicia xunto co castelÃ¡n.	0
A arquitectura das cidades galegas mestura estilos antigos e modernos.	0
Non me gusta este libro.	2
Nunca vou a ese lugar.	2
Non podo atopar as miÃ±as chaves.	2
Non estou de acordo contigo.	2
Non quero ir hoxe.	2
Este cafÃ© estÃ¡ moi frÃ­o.	2
Non rematei o traballo a tempo.	2
Non me sinto ben hoxe.	2
Non temos tempo suficiente.	2
NinguÃ©n me avisou da reuniÃ³n.	2
Non me interesa ese tema.	2
Este coche non funciona ben.	2
Non podo asistir Ã¡ festa.	2
Non hai ningunha soluciÃ³n.	2
Non me gusta a comida picante.	2
Non teÃ±o diÃ±eiro suficiente.	2
Este lugar non Ã© seguro.	2
Hoxe Ã© un dÃ­a fermoso.	1
Estou moi contento co resultado.	1
Facemos un bo equipo.	1
GustarÃ­ame aprender algo novo.	1
A tÃºa axuda Ã© inestimable.	1
ParabÃ©ns polo teu logro!	1
EncÃ¡ntame este proxecto.	1
Tes un gran talento.	1
Todo saÃ­u mellor do que esperaba.	1
Estou orgulloso de ti.	1
Hoxe sentinme moi produtivo.	1
Tes un sorriso marabilloso.	1
Que alegrÃ­a verte!	1
Fixeches un excelente traballo.	1
Este lugar Ã© marabilloso.	1
Grazas pola tÃºa amabilidade.	1
A tÃºa enerxÃ­a Ã© contaxiosa.	1
O teu esforzo valeu a pena.	1
EncÃ¡ntame pasar tempo contigo.	1
Estou agradecido polas tÃºas palabras.	1
Non virÃ­a Ã¡ festa se soubese que el estÃ¡ alÃ­.	2
Se tivese mÃ¡is tempo, non farÃ­a isto de prÃ©sa.	2
Se soubese a resposta, non estarÃ­a preguntando.	2
Non comerÃ­a isto se soubese que estÃ¡ pasado.	2
Se me sentise mellor, non cancelarÃ­a a reuniÃ³n.	2
Non aceptarÃ­a o traballo se fose ti.	2
Se non fose pola chuvia, non me quedarÃ­a na casa.	2
Non terÃ­a problemas se seguise as instruciÃ³ns.	2
Non o farÃ­a se estivese no teu lugar.	2
Se tivese diÃ±eiro, non pedirÃ­a prestado.	2
Non me preocuparÃ­a se fose verdade.	2
Se non fose polo ruÃ­do, poderÃ­a durmir.	2
Non me importarÃ­a se non me afectase.	2
Se tivese opciÃ³ns, non elixirÃ­a esta.	2
Non me queixarÃ­a se soubese a soluciÃ³n.	2
Non me sentirÃ­a asÃ­ se non fose pola situaciÃ³n.	2
Se non fose tarde, non me preocuparÃ­a tanto.	2
Vou facelo maÃ±Ã¡.	0
Cando teÃ±a tempo, fareino.	0
A primeira oportunidade que teÃ±a, vou facelo.	0
Cando volva a casa, ocuparÃ©ime diso.	0
Logo de xantar, poÃ±ereime a traballar niso.	0
Cando remate este proxecto, comezarei con iso.	0
A primeira hora da maÃ±Ã¡, vou comezar.	0
Cando teÃ±as un momento libre, axÃºdame con isto.	0
Cando teÃ±o o material necesario, comezo a obra.	0
Logo de reunir toda a informaciÃ³n, empezarei.	0
Cando me sinta mellor, farei o necesario.	2
Cando a pandemia remate, planificarei a viaxe.	0
Cando chegue a primavera, comezarei a plantar.	0
Cando remate esta tarefa, ocuparÃ©ime diso.	0
Cando teÃ±as a oportunidade, axÃºdame.	0
Cando voltes, avÃ­same.	0
Cando voltes a casa, prepara a cea.	0
Cando volvas, axÃºdame.	0
Cando me necesites, chÃ¡mame.	0
Cando teÃ±as tempo, chÃ¡manos.	0
Cando o fagas, chama.	0
Cando volvas, chama.	0
Cando o fagas, axÃºdame.	0
Que dÃ­a tan bonito! â˜€ï¸	1
Estou agradecida polas pequenas cousas da vida.	1
Cada obstÃ¡culo Ã© unha oportunidade para crecer.	1
A vida Ã© unha aventura emocionante.	1
A mellora persoal Ã© unha viaxe constante.	1
O amor e a bondade son a clave da felicidade.	1
Sempre hai razÃ³ns para sorrir.	1
Estou rodeado de xente marabillosa.	1
Hoxe Ã© un dÃ­a perfecto para comezar algo novo.	1
Sinto unha paz interior incrible.	1
Os meus soÃ±os estÃ¡n mÃ¡is preto de realizarse ca nunca.	1
Agradezo a saÃºde e o benestar que teÃ±o.	1
Estou orgulloso/a do meu progreso.	1
As pequenas victorias fan grandes diferenzas.	1
Estou aprendendo e crecendo en cada momento.	1
A felicidade estÃ¡ nas pequenas cousas da vida.	1
Estou moi agradecido/a pola xente que me rodea.	1
Cada dÃ­a Ã© unha nova oportunidade para ser mellor.	1
A beleza da natureza inspira a miÃ±a alma.	1
Aprendo do pasado e miro cara ao futuro con esperanza.	1
Estou emocionada polo que o futuro me reserva.	1
A vida Ã© unha aventura que merece ser vivida ao mÃ¡ximo.	1
Estou a facer progresos significativos nos meus obxectivos.	1
A miÃ±a determinaciÃ³n Ã© mÃ¡is forte que calquera adversidade.	1
O Ã©xito agÃ¡rdame ao final deste camiÃ±o.	1
A xenerosidade trae paz e satisfacciÃ³n ao corazÃ³n.	1
Estou a crear lembranzas inesquecibles cada dÃ­a.	1
Estou a aprender a ser mÃ¡is paciente e compasivo.	1
Estou a construÃ­r as bases dun futuro brillante.	1
Agradezo o apoio incondicional dos meus seres queridos.	1
A vida estÃ¡ chea de sorpresas marabillosas.	1
As miÃ±as acciÃ³ns teÃ±en o poder de facer a diferenza no mundo.	1
A xente positiva e entusiasta atrÃ¡eme.	1
A miÃ±a determinaciÃ³n Ã© a chave para alcanzar os meus soÃ±os.	1
Estou a aprender a valorar cada momento.	1
As oportunidades estÃ¡n ao meu redor, sÃ³ teÃ±o que aproveitalas.	1
O amor e a compaixÃ³n fan do mundo un lugar mellor.	1
O traballo duro e a persistencia fan realidade os soÃ±os.	1
Estou a crecer e a evolucionar constantemente.	1
Cada dÃ­a Ã© unha nova pÃ¡xina no libro da miÃ±a vida.	1
Estou a disfrutar do proceso de mellora persoal.	1
Agradezo a beleza das relaciÃ³ns humanas na miÃ±a vida.	1
A paciencia e a perseveranza son as miÃ±as aliadas.	1
Estou a vivir a vida ao mÃ¡ximo, sen remordementos.	1
Estou a aprender a ser mÃ¡is resiliente ante as adversidades.	1
A xente positiva e inspiradora enriquece a miÃ±a vida.	1
Agradezo as oportunidades de crecemento persoal.	1
Estou a abrazar os cambios co corazÃ³n aberto.	1
A vida estÃ¡ chea de sorpresas e descubrimentos.	1
O presente Ã© unha dÃ¡diva; por iso chamÃ¡moslle "presente".	1
Que dÃ­a tan gris e aburrido... â˜ï¸ğŸ˜”	2
Estou cansada de todo. ğŸ˜ğŸ’¤	2
Non vexo a hora de que acabe este dÃ­a. ğŸ•’ğŸ˜’	2
As cousas nunca saen como as planifico. ğŸ¤¦â€â™‚ï¸ğŸš«	2
Sinto que todo estÃ¡ en contra miÃ±a hoxe. ğŸŒ§ï¸ğŸ˜©	2
Estou harto de tanta complicaciÃ³n. ğŸ¤¯ğŸ‘	2
Non consigo ver a luz ao final do tÃºnel. ğŸš·ğŸ˜•	2
A vida Ã© unha sucesiÃ³n de decepciÃ³ns. ğŸ’”ğŸ˜¢	2
Sinto que non estou a avanzar en nada. ğŸš¶â€â™‚ï¸ğŸ”š	2
Estou completamente esgotado/a. ğŸ˜´ğŸ’¢	2
Non teÃ±o motivaciÃ³n nin enerxÃ­a para facer nada. ğŸš«ğŸ˜	2
Os problemas parecen non ter fin. ğŸ”„ğŸ¤¦â€â™€ï¸	2
Non hai nada que me faga feliz ultimamente. ğŸ˜”ğŸš«	2
Sinto que todos me abandonan cando mÃ¡is os necesito. ğŸ‘¥ğŸ˜	2
A frustraciÃ³n estÃ¡ a consumirme. ğŸ˜¤ğŸ”¥	2
Non consigo atopar o meu camiÃ±o na vida. ğŸ›¤ï¸ğŸ”	2
Estou atrapado/a nunha rutina sen sentido. ğŸ”„ğŸ˜	2
Os meus esforzos parecen ser en van. ğŸ’ªğŸš«	2
A vida Ã© unha loita constante. ğŸ¥ŠğŸ˜“	2
A ansiedade non me deixa en paz. ğŸ˜ŸğŸŒ€	2
Sinto que non vallo nada. ğŸš«ğŸ˜”	2
Nada sae como esperaba. ğŸ¤·â€â™‚ï¸ğŸš«	2
Estou farto de ter que loitar todo o tempo. ğŸ˜“ğŸ‘	2
Non hai saÃ­da para esta situaciÃ³n. ğŸš«ğŸ”š	2
Sinto unha tristeza profunda. ğŸ˜¢ğŸ’”	2
Todo o que toco parece desmoronarse. ğŸ–ï¸ğŸšï¸	2
A miÃ±a confianza estÃ¡ por terra. ğŸ¤¦â€â™€ï¸ğŸ˜	2
Non hai consolo nas palabras de Ã¡nimo. ğŸ™…â€â™‚ï¸ğŸ™	2
Non hai nada que me motive a seguir adiante. ğŸš«ğŸ˜”	2
Sinto un baleiro emocional inmenso. ğŸ•³ï¸ğŸ˜”	2
O futuro parece incerto e desalentador. ğŸ¤”ğŸ”®	2
A vida non me dÃ¡ un respiro. ğŸŒªï¸ğŸ˜©	2
Estou enfrascado/a nunha espiral de negatividade. ğŸ”„ğŸ˜	2
Non hai escape desta realidade desagradable. ğŸš«ğŸ˜•	2
Non me sinto capaz de facer nada ben. ğŸš«ğŸ’ª	2
Non hai luz ao final deste tÃºnel escuro. ğŸš·ğŸŒ‘	2
Sinto que non pertenzo en ningÃºn lugar. ğŸšï¸ğŸ˜”	2
Non hai esperanza para mellorar as cousas. ğŸš«ğŸ˜	2
Sinto que non teÃ±o control sobre a miÃ±a vida. ğŸ®ğŸ¤·â€â™‚ï¸	2
A preocupaciÃ³n non me deixa vivir en paz. ğŸ˜ŸğŸ˜“	2
A soidade estÃ¡ a consumirme. ğŸ˜”ğŸ‘¤	2
A desesperanza Ã© todo o que sinto agora. ğŸ˜ğŸš«	2
Nada pode axudarme a saÃ­r deste pozo. ğŸ†˜ğŸ•³ï¸	2
Estou rodeado/a de negatividade por todas partes. ğŸ”„ğŸ˜’	2
A tristeza Ã© a miÃ±a Ãºnica compaÃ±eira hoxe. ğŸ˜¢ğŸ˜”	2
A vida Ã© unha sucesiÃ³n de decepciÃ³ns e desilusiÃ³ns. ğŸ’”ğŸ˜	2
Non hai respostas para os meus problemas. â“ğŸš«	2
Sinto que todo o meu esforzo foi en balde. ğŸ’”ğŸš«	2
Non hai alivio para o meu corazÃ³n ferido. ğŸ’”ğŸ˜	2
A vida non Ã© mÃ¡is que unha carga pesada para min. ğŸŒğŸ˜”	2
CientÃ­fica revolucionaria abre novos camiÃ±os na medicina	1
Estudante local vence concurso internacional de matemÃ¡ticas	1
Nova tÃ©cnica agrÃ­cola incrementa a produciÃ³n sen impacto ambiental	1
Iniciativa comunitaria recolle fondos rÃ©cord para os sen teito	1
Artista local expÃ³n na galerÃ­a mÃ¡is prestixiosa da cidade	1
Escola primaria local recibe recoÃ±ecemento por innovaciÃ³n educativa	1
Mellora rÃ©cord nos Ã­ndices de satisfacciÃ³n dos pacientes no hospital municipal	1
Empresa de tecnoloxÃ­a local crea empregos e expande operaciÃ³ns globalmente	1
Comunidade celebra baixas histÃ³ricas de criminalidade	1
Joven local recibe beca integral para estudar no estranxeiro	1
Nova lei local promove o uso de enerxÃ­as renovables	1
Novo centro cultural inaugurado para enriquecer a vida comunitaria	1
Parque ecolÃ³xico rehabilitado para preservar a biodiversidade	1
Empresaria local gaÃ±a premio nacional pola sÃºa innovaciÃ³n en negocios	1
Teatro local produce obra aclamada por crÃ­ticos internacionais	1
Atleta local califica para os Xogos OlÃ­mpicos de verÃ¡n	1
Investimento rÃ©cord en infraestruturas pÃºblicas para mellorar a mobilidade	1
Mellora significativa nos resultados educativos das escolas pÃºblicas	1
Parque tecnolÃ³xico local atende Ã¡s necesidades de startups innovadoras	1
Novo programa de voluntariado rexistra aumento rÃ©cord de participaciÃ³n	1
Mellora na calidade do aire debido Ã¡s novas polÃ­ticas ambientais	1
Comerciante local recibe recoÃ±ecemento por servizo ao cliente excepcional	1
Mellora na accesibilidade para persoas con discapacidade na cidade	1
Nova biblioteca pÃºblica atrae a miles de lectores na sÃºa inauguraciÃ³n	1
Iniciativa de reciclaxe local reduce os residuos plÃ¡sticos en un 50%	1
Escola de mÃºsica local produce talentos recoÃ±ecidos internacionalmente	1
Centro de saÃºda local introduce novos programas de benestar para empregados	1
Estudio local revela avances prometedores no tratamento de enfermidades raras	1
Iniciativa de apoio a pequenas empresas impulsa o emprendemento na comunidade	1
Novo parque acuÃ¡tico abre as sÃºas portas para o disfrute das familias	1
Novo centro deportivo ofrece instalaciÃ³ns de Ãºltima xeraciÃ³n para a comunidade	1
Mellora na seguridade viaria reduce accidentes nun 30% na rexiÃ³n	1
Festival cultural local promove a diversidade cultural e artÃ­stica	1
Novo programa educativo promove a igualdade de oportunidades	1
Empresario local doa millÃ³ns para a investigaciÃ³n contra o cancro	1
Iniciativa de alimentaciÃ³n saudable nas escolas promove hÃ¡bitos positivos	1
Parque natural local protexe hÃ¡bitats Ãºnicos e especies en perigo	1
Comunidade local apoia o comercio de produtos orgÃ¡nicos e sustentables	1
Aumento na participaciÃ³n cidadÃ¡ en decisiÃ³ns locais marca un novo rÃ©cord	1
Programa de intercambio estudantil local fomenta a comprensiÃ³n global	1
Novo sistema de transporte pÃºblico facilita a mobilidade urbana	1
Festival de cine local destaca por promover o talento cinematogrÃ¡fico rexional	1
Iniciativa de arte urbana transforma espazos pÃºblicos na cidade	1
Restaurante local recoÃ±ecido por promover a gastronomÃ­a tradicional	1
Campeonato deportivo local reÃºne atletas de todo o paÃ­s	1
Estudo cientÃ­fico local contribÃºe ao entendemento do cambio climÃ¡tico	1
Mellora nas instalaciÃ³ns deportivas para fomentar o deporte entre a mocidade	1
Iniciativa de conservaciÃ³n mariÃ±a protexe os ocÃ©anos e as sÃºas especies	1
Novo centro de atenciÃ³n para persoas maiores ofrece servizos integrais	1
Mellora na infraestrutura cultural enriquece a vida comunitaria	1
Bo dÃ­a.	1
Boa tarde.	1
Boa noite.	1
Ola, Â¿como estÃ¡s?	0
Â¿Que tal?	0
Â¿Como che vai?	0
Moitas grazas.	1
De nada.	0
Encantado de coÃ±ecerte.	1
Â¿Cal Ã© o teu nome?	0
O meu nome Ã© Carlos	0
Â¿De onde es?	0
Son de Galicia.	0
Â¿Cantos anos tes?	0
TeÃ±o vinte anos.	0
Â¿Que fas?	0
Son estudante.	0
Traballo nunha empresa.	0
Â¿Tes irmÃ¡ns?	0
TeÃ±o dous irmÃ¡ns.	0
GÃºstame moito ler.	1
GÃºstame a mÃºsica.	1
Non me gusta a televisiÃ³n.	2
Â¿Cal Ã© o teu deporte favorito?	0
EncÃ¡ntame o fÃºtbol.	1
Non practico deportes.	0
Â¿Que fas no teu tempo libre?	0
Adoro viaxar.	1
GÃºstame cociÃ±ar.	1
Â¿Onde vives?	0
Vivo en Santiago de Compostela.	0
Â¿Que hora Ã©?	0
Son as tres da tarde.	0
Â¿Podes axudarme?	0
Claro que si.	1
Non podo agora, desculpa.	2
Â¿Onde estÃ¡ o baÃ±o?	0
EstÃ¡ Ã¡ esquerda.	0
Â¿Tes mascotas?	0
TeÃ±o un can.	0
Non teÃ±o mascotas.	0
Â¿Que che parece?	0
EstÃ¡ moi ben.	1
Non me gusta.	2
Â¿Podes repetilo?	0
Non entendo.	2
Â¿Falades galego?	0
Falo un pouco.	0
Non falo galego.	0
Â¿Podes falar mÃ¡is amodo?	0
Â¡Por suposto!	1
Â¿Que queres beber?	0
Quero un cafÃ©, por favor.	0
GÃºstame o tÃ©.	1
Non bebo alcol.	0
Â¿Onde estÃ¡ a parada do bus?	0
EstÃ¡ alÃ­ diante.	0
Â¿Canto custa?	0
Â¿Aceptades tarxeta?	0
So aceptamos efectivo.	0
Â¿Podo probar isto?	0
Por suposto.	1
Non se pode.	2
Â¿Cando abrides?	0
Abrimos Ã¡s nove.	0
Pechamos Ã¡s oito.	0
Â¿Onde podo mercar isto?	0
Na tenda da esquina.	0
EstÃ¡ lonxe.	2
Â¿Como che atopas?	0
Estou canso.	2
SÃ­ntome mal.	2
Â¿Precisas axuda?	0
Estou ben, grazas.	1
Non sei.	2
Penso que si.	1
Pode ser.	0
Non estou seguro.	0
Â¿Que opinas?	0
Ã‰ moi interesante.	1
Non estou de acordo.	2
Â¡Que bonito!	1
Ã‰ precioso.	1
Â¿Onde imos?	0
Vamos Ã¡ praia.	0
Quero quedar na casa.	0
Â¿Que hora Ã© agora?	0
Son as sete da maÃ±Ã¡.	0
Â¿Tes fame?	0
TeÃ±o moita fame.	2
Non teÃ±o fame.	1
Â¿Tes sede?	0
Non teÃ±o sede.	1
Â¿Como foi o teu dÃ­a?	0
Foi un bo dÃ­a.	1
Foi moi duro.	2
Que bo tempo estÃ¡ hoxe! â˜€ï¸	1
Adoro pasar tempo coa miÃ±a familia. â¤ï¸	1
Estou moi agradecido pola tÃºa axuda. ğŸ™	1
Que ben que teÃ±o vacaciÃ³ns esta semana.	1
Hoxe Ã© un dÃ­a perfecto para saÃ­r de paseo.	1
O meu equipo gaÃ±ou o partido, estou feliz!	1
Ã‰ un pracer traballar contigo. ğŸ˜Š	1
GÃºstame moito a tÃºa nova camiseta!	1
A comida estaba deliciosa, parabÃ©ns ao chef.	1
Estou emocionado polas novas oportunidades que se presentan.	1
A vida Ã© unha aventura, hai que vivela ao mÃ¡ximo!	1
AprendÃ­n algo novo hoxe, estou contente.	1
Non hai nada mellor que escoitar mÃºsica relaxante ao final do dÃ­a.	1
O sol sempre sae despois da choiva. ğŸŒˆ	1
Ã‰ marabilloso ver como os nenos xogan xuntos sen importarlles nada mÃ¡is.	1
Ãs veces, os pequenos xestos fan un gran impacto. ğŸ’•	1
Sinto que estou a progresar no meu traballo, Ã© gratificante.	1
A natureza Ã© tan impresionante, fai que me sinta vivo/a.	1
Estou moi ilusionado/a co proxecto no que estou a traballar.	1
Que ben que estÃ¡s a facer progresos no teu estudo de galego!	1
Non puiden durmir nada esta noite. ğŸ˜	2
O dÃ­a non estÃ¡ a acompaÃ±ar moito hoxe.	2
Sinto moito a tÃºa perda, estamos aquÃ­ para ti.	2
Non estou seguro de poder facelo.	2
A comida do restaurante non estaba moi boa.	2
Non puiden chegar a tempo Ã¡ reuniÃ³n.	2
Sinto que todo estÃ¡ a ir mal ultimamente.	2
Non podo axudarte, desculpa.	2
SentÃ­nme decepcionado co resultado.	2
A veces, os dÃ­as son mÃ¡is difÃ­ciles que outros.	2
Non me gustou o final da pelÃ­cula.	2
Non sei se isto Ã© o correcto a facer.	2
A vida Ã¡s veces pode ser moi complicada.	2
Non estou moi convencido desta idea.	2
Sinto que non estou a ser comprendido.	2
Non podo estar en dous sitios ao mesmo tempo.	2
Necesito un descanso, estou esgotado.	2
Non me sinto con Ã¡nimos para saÃ­r hoxe.	2
A veces, Ã© difÃ­cil manterse positivo.	2
Que tal o tempo hoxe? #TempoGalicia	0
Estou a facer os deberes. ğŸ“š	0
A vida Ã© unha montaÃ±a rusa de emociÃ³ns.	0
O cafÃ© da maÃ±Ã¡ sempre me alegra o dÃ­a. â˜•	1
AÃ­nda non teÃ±o claro que facer esta fin de semana.	0
Ãs veces, Ã© bo estar sÃ³ e reflexionar.	1
AprendÃ­n moito este semestre na universidade.	1
Os libros son a miÃ±a fonte de inspiraciÃ³n. #AmoOsLibros	1
Os martes son o mellor dÃ­a para ir Ã¡ biblioteca.	1
A rutina diaria pode ser confortable Ã¡s veces.	1
O humor Ã© unha parte importante da nosa vida cotiÃ¡. ğŸ˜„	1
Ã‰ bo estar preparado para calquera situaciÃ³n.	1
A mellor parte do dÃ­a Ã© o momento de relaxar.	1
Sempre estou a descubrir cousas novas. #CuriosidadeInfinita	1
A vida Ã© unha aventura que merece ser vivida.	1
Non hai nada como o cheiro da terra despois da choiva. ğŸŒ§ï¸	1
A tecnoloxÃ­a facilita moitas tarefas do dÃ­a a dÃ­a.	1
O deporte Ã© unha boa forma de manterse en forma. #VidaSaudable	1
Un bo descanso Ã© fundamental para a saÃºde.	1
A arte Ã© unha expresiÃ³n poderosa das emociÃ³ns humanas.	1
O amor incondicional dos animais Ã© inspirador. ğŸ¾	1
Un sorriso sincero pode alegrar o dÃ­a a calquera persoa. ğŸ˜Š	1
A mÃºsica Ã© unha linguaxe universal. ğŸµ	0
O traballo en equipo Ã© clave para o Ã©xito.	1
Unha boa educaciÃ³n Ã© a base de todo. #EducaciÃ³nPrimordial	1
A natureza sempre sorprende con paisaxes marabillosas. #NaturezaGalega	1
Os recordos son tesoros que atesouramos na alma.	1
A paciencia Ã© unha virtude que se debe cultivar.	1
Unha boa alimentaciÃ³n Ã© esencial para manterse saudable. #VidaSana	1
A comunicaciÃ³n Ã© fundamental para entendernos uns aos outros.	1
A mellora continua Ã© a clave para a evoluciÃ³n persoal.	1
O equilibrio entre o traballo e a vida persoal Ã© crucial.	1
O apoio dos amigos Ã© unha balsa de salvamento nos momentos difÃ­ciles. #AmizadeVerdadeira	1
A viaxe Ã© unha forma de ampliar horizontes e abrir a mente.	1
O coÃ±ecemento Ã© poder, pero tamÃ©n unha responsabilidade.	0
A xenerosidade Ã© unha das maiores cualidades humanas.	1
A adaptabilidade Ã© esencial nun mundo en constante cambio.	0
A empatÃ­a permite conectar coas persoas de forma mÃ¡is profunda.	1
A diversidade enriquece as nosas vidas e nos fai mÃ¡is tolerantes.	1
A creatividade Ã© a chispa que fai brillar as ideas.	1
A perseveranza pode superar calquera obstÃ¡culo.	1
A humildade Ã© unha virtude que admira a todos.	1
A simplicidade Ã¡s veces Ã© a soluciÃ³n mÃ¡is efectiva.	1
A fortaleza interior axuda a superar as adversidades.	1
A curiosidade Ã© o motor do descubrimento.	1
A responsabilidade persoal Ã© a clave do autodesenvolvemento.	1
A honestidade Ã© a base das relaciÃ³ns saudables.	1
O compromiso coa causa axuda a cambiar o mundo.	1
A serenidade interior Ã© unha meta desexable.	1
A tolerancia fai posibles a convivencia e a paz.	1
A ciencia e a tecnoloxÃ­a estÃ¡n a transformar o noso mundo. #InnovaciÃ³n	0
A xustiza Ã© o pilar da sociedade civilizada.	1
A liberdade Ã© un dereito fundamental de todo ser humano.	0
A solidariedade Ã© esencial en tempos de crise. #Solidariedade	1
A esperanza mantÃ©n viva a nosa esencia humana.	1
A igualdade de oportunidades Ã© o ideal a perseguir.	1
A eficiencia axuda a optimizar os recursos dispoÃ±ibles.	1
A seguridade Ã© unha necesidade bÃ¡sica de todos os seres humanos.	0
A transparencia Ã© esencial para a confianza mutua.	0
A colaboraciÃ³n Ã© a chave para enfrontar os grandes retos	1
A nosa empresa aposta pola innovaciÃ³n como motor de crecemento.	1
Valoramos a nosa forza laboral como o noso activo mÃ¡is valioso.	1
Estamos comprometidos coa excelencia en cada aspecto do noso traballo.	1
A nosa visiÃ³n a longo prazo guÃ­a as nosas decisiÃ³ns estratÃ©xicas.	0
A satisfacciÃ³n do cliente Ã© o noso principal obxectivo.	1
Estamos a expandir as nosas operaciÃ³ns para alcanzar novos mercados.	1
A colaboraciÃ³n interdepartamental fortalece a nosa empresa.	1
Celebramos os logros do noso equipo con orgullo.	1
O noso compromiso coa calidade Ã© non negociable.	0
A nosa estrutura organizativa fomenta a eficiencia e a transparencia.	1
Enfrontamos desafÃ­os pero vemos cada obstÃ¡culo como unha oportunidade de crecemento.	1
A nosa polÃ­tica de sustentabilidade reflicte o noso compromiso co medio ambiente.	1
Estamos a redefinir os nosos procesos para mellorar a nosa competitividade.	1
A nosa marca Ã© recoÃ±ecida pola sÃºa fiabilidade e compromiso.	1
Estamos a investir en formaciÃ³n para o desenvolvemento continuo dos nosos empregados.	1
A nosa estratexia de marketing estÃ¡ a xerar resultados positivos.	1
A nosa presenza internacional estÃ¡ a fortalecerse progresivamente.	1
Mantemos unha relaciÃ³n sÃ³lida e Ã©tica cos nosos provedores.	1
A nosa polÃ­tica de RSC forma parte integrante da nosa identidade corporativa.	0
A nosa empresa estÃ¡ comprometida coa igualdade de oportunidades.	1
A nosa Ã©tica empresarial Ã© inquebrantable en todo momento.	1
Estamos a analizar datos para tomar decisiÃ³ns informadas e estratÃ©xicas.	0
A nosa capacidade de adaptaciÃ³n Ã© fundamental para manter a nosa competitividade.	1
Valoramos a diversidade como unha fonte de enriquecemento.	1
A nosa misiÃ³n Ã© proporcionar soluciÃ³ns innovadoras aos nosos clientes.	1
Estamos a optimizar os nosos recursos para maximizar a eficiencia operativa.	1
A nosa polÃ­tica de xestiÃ³n de talento atrai e retÃ©n os mellores profesionais.	1
Estamos a explorar novas oportunidades de negocio dentro e fÃ³ra do paÃ­s.	1
A nosa reputaciÃ³n corporativa Ã© o resultado do noso compromiso coa excelencia.	1
Estamos a implementar medidas para reducir a nosa pegada ambiental.	1
A nosa cultura corporativa promove a colaboraciÃ³n e a inovaciÃ³n.	1
Estamos a fortalecer as nosas alianzas estratÃ©xicas para a creaciÃ³n de valor.	1
A nosa Ã©tica de traballo Ã© unha das nosas maiores forzas competitivas.	1
Estamos a expandir as nosas capacidades tecnolÃ³xicas para satisfacer as demandas do mercado.	1
A nosa adaptabilidade Ã© clave para responder Ã¡s mudanzas no mercado.	1
Estamos a investir en investigaciÃ³n e desenvolvemento para estar Ã¡ vangarda da nosa industria.	1
A nosa polÃ­tica de prezos estÃ¡ deseÃ±ada para garantir a competitividade sen comprometer a calidade.	1
Estamos a desenvolver novas estratexias para afrontar os desafÃ­os econÃ³micos actuais.	1
A nosa empresa estÃ¡ a enfrontar dificultades financeiras significativas.	2
A taxa de rotaciÃ³n de persoal Ã© moi alta e afecta a continuidade operativa.	2
As nosas vendas estÃ¡n a descender de maneira preocupante neste trimestre.	2
Enfrentamos desafÃ­os regulatÃ³rios que complican a nosa operativa diaria.	2
Os nosos custos de produciÃ³n disparÃ¡ronse sen previsiÃ³n.	2
A nosa marca estÃ¡ a perder relevancia no mercado debido a fallos de marketing.	2
A competencia estÃ¡ a ganar terreo a un ritmo alarmante.	2
Tivemos que realizar despidos masivos para reducir gastos.	2
A nosa estratexia de expansiÃ³n internacional fracasou estrepitosamente.	2
O noso sistema de xestiÃ³n de inventarios estÃ¡ desactualizado e ineficaz.	2
Enfrentamos denuncias de clientes insatisfeitos que afectan Ã¡ nosa reputaciÃ³n.	2
Os nosos proveedores non estÃ¡n a cumprir cos acordos de subministro.	2
Tivemos que cancelar proxectos importantes por falta de financiamento.	2
As nosas operaciÃ³ns estÃ¡n a ser afectadas por problemas tÃ©cnicos reiterados.	2
A nosa cadea de subministro estÃ¡ moi vulnerable a interrupciÃ³ns.	2
O noso equipo directivo estÃ¡ a experimentar unha falta de liderado claro.	2
As nosas iniciativas de RSC non estÃ¡n a ser percibidas positivamente pola comunidade.	2
Estamos a perder clientes habituais debido a un servizo ao cliente deficiente.	2
A nosa polÃ­tica de prezos non estÃ¡ atraendo compradores potenciais.	2
A nosa marca estÃ¡ asociada a problemas de calidade que non podemos resolver.	2
As nosas negociaciÃ³ns coa banca para obter crÃ©dito non estÃ¡n a ser frutÃ­feras.	2
A nosa estratexia de marketing dixital non estÃ¡ a xerar os resultados esperados.	2
A nosa infraestrutura tecnolÃ³xica estÃ¡ obsoleta e impide o noso crecemento.	2
Estamos a afrontar unha crise de confianza interna entre empregados e xestores.	2
As nosas polÃ­ticas de seguridade non protexen adecuadamente os nosos datos sensibles.	2
A nosa polÃ­tica de reclutamento non estÃ¡ atraendo talento cualificado.	2
Os nosos esforzos para diversificar os nosos produtos non estÃ¡n a ter Ã©xito.	2
Enfrentamos unha demanda legal que pode ter repercusiÃ³ns financeiras graves.	2
A nosa estratexia de distribuciÃ³n non estÃ¡ a alcanzar os nosos mercados obxectivo.	2
Estamos a perder posiciÃ³n de mercado ante competidores mÃ¡is Ã¡xiles.	2
A nosa estrutura organizativa estÃ¡ a ser criticada por ser rÃ­xida e pouco adaptable.	2
Enfrentamos problemas de stock que estÃ¡n a frustrar aos nosos clientes.	2
A nosa polÃ­tica de devoluciÃ³n non estÃ¡ a manter a nosa boa imaxe de marca.	2
Estamos a afrontar dificultades para obter financiamento para os nosos proxectos de expansiÃ³n.	2
As nosas relaciÃ³ns laborais estÃ¡n tensas debido a conflitos internos.	2
Os nosos esforzos para integrar a tecnoloxÃ­a nos nosos procesos estÃ¡n a ser frustrados por resistencias internas.	2
A nosa estratexia de entrada en novos mercados non estÃ¡ a ser ben recibida polos consumidores locais.	2
Enfrentamos restriciÃ³ns de recursos humanos que limitan o noso crecemento.	2
A nosa estratexia de comunicaciÃ³n interna estÃ¡ a ser criticada por falta de transparencia.	2
Estamos a experimentar unha fuga de talento debido a unha cultura corporativa tÃ³xica.	2
As nosas prÃ¡cticas de produciÃ³n estÃ¡n a ser cuestionadas polos grupos ambientalistas.	2
A nosa polÃ­tica de prezos baixos estÃ¡ a erodir a nosa marxe de beneficio.	2
Estamos a perder oportunidades de negocio por non reaccionar con rapidez ante cambios no mercado.	2
A nosa estratexia de branding non estÃ¡ a resoar co noso pÃºblico obxectivo.	2
Estamos a afrontar dificultades para atopar investidores dispostos a financiar os nosos proxectos.	2
A nosa dependencia de mercados externos estÃ¡ a expor a nosa empresa a riscos de cambio.	2
Enfrentamos problemas de conformidade regulamentaria que poderÃ­an resultar en sanciÃ³ns.	2
A nosa estratexia de fidelizaciÃ³n de clientes estÃ¡ a fallar debido a unha competencia mÃ¡is agresiva.	2
Estamos a experimentar retrasos persistentes na entrega de produtos aos nosos clientes.	2
A nosa estratexia de captaciÃ³n de talento estÃ¡ a ser neutralizada polos nosos competidores.	2
Estamos a enfrontar unha presiÃ³n constante sobre os nosos mÃ¡rgenes de beneficio.	2
A nosa reputaciÃ³n de marca estÃ¡ a ser afectada por rumores negativos nas redes sociais.	2
Estamos a recibir crÃ­ticas por non cumprir cos estÃ¡ndares Ã©ticos e de sustentabilidade.	2
A nosa estratexia de internacionalizaciÃ³n estÃ¡ a ser frustrada por barreiras comerciais imprevistas.	2
Estamos a ter problemas de liquidez que afectan Ã¡ nosa capacidade para pagar aos nosos provedores.	2
A nosa polÃ­tica de xestiÃ³n de crisis non estÃ¡ a ser eficaz para mitigar problemas imprevistos.	2
Estamos a perder o apoio dos nosos accionistas debido a resultados financeiros decepcionantes.	2
A nosa estratexia de expansiÃ³n estÃ¡ a ser retrasada por falta de recursos financeiros.	2
Enfrentamos unha falta de liderado claro que estÃ¡ a afectar a moral do equipo.	2
A nosa estratexia de integraciÃ³n vertical estÃ¡ a ser dificultada por problemas de integraciÃ³n.	2
Estamos a enfrontar problemas de conformidade cos estÃ¡ndares internacionais de calidade.	2
A nosa estratexia de reduciÃ³n de custos estÃ¡ a impactar negativamente na moral dos empregados.	2
Estamos a ser obxecto de escrutinio da prensa debido a problemas de xestiÃ³n interna.	2
A nosa infraestrutura fÃ­sica estÃ¡ a limitar a nosa capacidade para expandirnos.	2
Enfrentamos unha escaseza de recursos financeiros que limita a nosa capacidade de crecemento.	2
A nosa estratexia de marketing estÃ¡ a ser considerada como obsoleta polos nosos competidores.	2
Estamos a ser criticados por non cumprir cos estÃ¡ndares de seguridade industrial.	2
A nosa polÃ­tica de RSC estÃ¡ a ser percebida como unha fachada sen compromiso real.	2
Estamos a recibir devoluciÃ³ns de produtos debido a problemas de calidade.	2
A nosa estratexia de mitigaciÃ³n de riscos non estÃ¡ a protexer a empresa como se esperaba.	2
Estamos a experimentar unha falta de cohesiÃ³n no noso equipo de xestiÃ³n.	2
A nosa falta de investimento en I+D estÃ¡ a limitar a nosa capacidade de innovar.	2
Estamos a enfrontar unha sobrecarga regulatÃ³ria que impide a nosa flexibilidade operativa.	2
A nosa polÃ­tica de prezos altos estÃ¡ a alienar aos nosos clientes habituais.	2
Estamos a perder mercado ante competidores que ofrecen produtos similares a prezos mÃ¡is baixos.	2
A nosa estratexia de diversificaciÃ³n de produtos estÃ¡ a ser frustrada por problemas de fabricaciÃ³n.	2
Estamos a recibir crÃ­ticas por non cumprir cos estÃ¡ndares de responsabilidade ambiental.	2
A nosa polÃ­tica de expansiÃ³n estÃ¡ a ser complicada por problemas de financiamento externo.	2
Estamos a ter dificultades para obter financiamento debido Ã¡ nosa situaciÃ³n financeira actual.	2
A nosa estratexia de desenvolvemento de mercado estÃ¡ a ser inhibida por barreiras comerciais.	2
Estamos a perder talento clave debido a unha cultura de traballo non colaborativa.	2
A nosa estratexia de pricing non estÃ¡ atraendo aos nosos clientes obxectivo.	2
Estamos a enfrentar unha reduciÃ³n nas nosas ventas debido a unha crise	2
A nosa empresa estÃ¡ a revisar as sÃºas polÃ­ticas internas.	0
Estamos a considerar novas oportunidades de negocio.	1
O noso equipo estÃ¡ a analizar os datos recollidos.	0
Estamos a implementar novas tecnoloxÃ­as nos nosos procesos.	1
A nosa sede principal estÃ¡ localizada na cidade de Santiago.	0
Estamos a preparar informes para a nosa xunta directiva.	0
O noso equipo estÃ¡ a estudar as tendencias do mercado.	0
Estamos a manter reuniÃ³ns regulares co noso equipo de xestiÃ³n.	0
A nosa polÃ­tica de sustentabilidade estÃ¡ en liÃ±a cos estÃ¡ndares internacionais.	1
A nosa empresa utiliza mÃ©todos avanzados de producciÃ³n.	1
Estamos a revisar os nosos procedementos internos para mellorar a eficiencia.	1
Estamos a colaborar con socios estratÃ©xicos en proxectos especiais.	1
A nosa estrutura organizativa estÃ¡ deseÃ±ada para fomentar a colaboraciÃ³n entre departamentos.	1
Estamos a investigar novas oportunidades de mercados internacionais.	1
A nosa empresa estÃ¡ comprometida coa transparencia en todas as sÃºas operaciÃ³ns.	1
Estamos a optimizar os nosos recursos para maximizar a nosa eficiencia operativa.	1
A nosa sede principal estÃ¡ equipada cunha infraestrutura moderna.	1
Estamos a avaliar propostas para a mellora da nosa cadea de subministro.	1
A nosa estratexia de marketing estÃ¡ baseada en anÃ¡lises de datos exhaustivas.	0
Estamos a implementar polÃ­ticas de teletraballo para adaptarnos Ã¡s novas circunstancias.	1
A nosa empresa estÃ¡ a promover un ambiente de traballo inclusivo e diverso.	1
Estamos a adoptar medidas para reducir o noso impacto ambiental.	1
A nosa polÃ­tica de seguridade no traballo Ã© prioritaria para a nosa empresa.	1
Estamos a explorar novas oportunidades de financiamento para os nosos proxectos.	1
A nosa empresa estÃ¡ a colaborar con universidades para proxectos de investigaciÃ³n.	0
Estamos a implementar medidas de control de calidade en todas as etapas do proceso.	0
A nosa estratexia de crecemento estÃ¡ enfocada en mercados emergentes.	0
Estamos a actualizar o noso software de xestiÃ³n empresarial para unha maior eficiencia.	1
A nosa empresa estÃ¡ a promover a innovaciÃ³n como un valor central.	1
Estamos a monitorizar de cerca os cambios na nosa industria.	0
A nosa polÃ­tica de prezos estÃ¡ deseÃ±ada para reflectir o valor dos nosos produtos.	0
Estamos a fortalecer as nosas alianzas estratÃ©xicas para expandir a nosa rede.	1
A nosa empresa estÃ¡ a expandir a sÃºa presenza en plataformas de comercio electrÃ³nico.	1
Estamos a actualizar as nosas polÃ­ticas de recursos humanos para reflectir as mellores prÃ¡cticas.	1
A nosa empresa estÃ¡ a fomentar unha cultura de responsabilidade corporativa.	1
Estamos a explorar oportunidades de crecemento dentro do noso mercado nacional.	1
A nosa empresa estÃ¡ a implementar medidas para aumentar a satisfacciÃ³n do cliente.	1
Estamos a revisar as nosas estratexias de marketing para captar novos segmentos de mercado.	1
A nosa empresa estÃ¡ a adoptar tecnoloxÃ­as de vangarda para mellorar a nosa competitividade.	1
Estamos a estudar as tendencias de consumo para adaptar os nosos produtos e servizos.	1
A nosa empresa estÃ¡ a reforzar a sÃºa presenza en redes sociais para mellorar a comunicaciÃ³n coa nosa audiencia.	1
Estamos a desenvolver novos produtos para diversificar a nosa oferta.	1
A nosa empresa estÃ¡ a explorar oportunidades de colaboraciÃ³n con startups innovadoras.	1
Estamos a promover unha cultura de traballo flexible para adaptarnos Ã¡s necesidades dos nosos empregados.	1
A nosa empresa estÃ¡ a promover a formaciÃ³n continua para o desenvolvemento profesional dos nosos empregados.	1
Estamos a realizar auditorÃ­as internas para garantir a conformidade cos estÃ¡ndares de calidade.	1
A nosa empresa estÃ¡ a lanzar unha iniciativa para mellorar a eficiencia enerxÃ©tica nas nosas instalaciÃ³ns.	1
Estamos a implementar programas de feedback dos empregados para mellorar a comunicaciÃ³n interna.	1
A nosa empresa estÃ¡ a estudar as opciÃ³ns para mellorar a nosa polÃ­tica de xestiÃ³n de riscos.	1
Estamos a colaborar con consultores externos para obter asesoramento estratÃ©xico.	0
A nosa empresa estÃ¡ a promover unha polÃ­tica de igualdade de oportunidades e diversidade.	1
Estamos a implementar medidas para mellorar a nosa rexeneraciÃ³n de residuos.	1
A nosa empresa estÃ¡ a revisar as sÃºas operaciÃ³ns para identificar Ã¡reas de optimizaciÃ³n.	1
Estamos a investigar novas formas de utilizar a tecnoloxÃ­a blockchain para optimizar os nosos procesos.	1
A nosa empresa estÃ¡ a estudar as implicaciÃ³ns das regulaciÃ³ns recentes no noso sector.	0
Estamos a lanzar un programa de mentoring para os nosos novos empregados.	0
A nosa empresa estÃ¡ a estudar as opciÃ³ns de financiamento para un proxecto de expansiÃ³n.	0
Estamos a actualizar a nosa pÃ¡xina web para mellorar a experiencia do usuario.	1
A nosa empresa estÃ¡ a considerar as opciÃ³ns para implementar un sistema de xestiÃ³n de recursos humanos.	0
Estamos a implementar medidas para protexer a nosa propiedade intelectual.	0
A nosa empresa estÃ¡ a revisar as sÃºas polÃ­ticas de viaxes para reducir os custos.	1
O enchufe Ã© de cor escura.	0
CollÃ­n un cazo do estante.	0
O telÃ©fono estaba a sonar.	0
Gardei o libro na gabeta.	0
O galego Ã© unha lingua flexiva.	0